{
  "fdw": {
    "mean": 0.2753487229347229,
    "std": 0.0,
    "groups": [
      0.2753487229347229
    ]
  },
  "gs": {
    "mean": 0.23603583872318268,
    "std": 0.0,
    "groups": [
      0.23603583872318268
    ]
  },
  "dwdct": {
    "mean": 0.27838215231895447,
    "std": 0.0,
    "groups": [
      0.27838215231895447
    ]
  },
  "clean": {
    "mean": 0.2771952748298645,
    "std": 0.0,
    "groups": [
      0.2771952748298645
    ]
  }
}